{

	"metadata" :
	{
		"formatVersion" : 3.1,
		"generatedBy"   : "Blender 2.7 Exporter",
		"vertices"      : 124,
		"faces"         : 244,
		"normals"       : 124,
		"colors"        : 0,
		"uvs"           : [],
		"materials"     : 1,
		"morphTargets"  : 0,
		"bones"         : 0
	},

	"scale" : 1.000000,

	"materials" : [	{
		"DbgColor" : 15658734,
		"DbgIndex" : 0,
		"DbgName" : "default",
		"vertexColors" : false
	}],

	"vertices" : [-0.00376507,0.0088689,0.00304,-0.00440185,0.0085707,0.00304,-0.00404845,0.00728576,0.00304,-0.00501518,0.00822686,0.00304,-0.00460405,0.00694801,0.00304,-0.00560181,0.0078392,0.00304,-0.00513164,0.00656799,0.00304,-0.0061586,0.00740978,0.00304,-0.00562799,0.006148,0.00304,-0.00668259,0.00694091,0.00304,-0.0060901,0.0056906,0.00304,-0.00717099,0.00643507,0.00304,-0.00651515,0.00519857,0.00304,-0.0076212,0.00589496,0.00304,-0.00690055,0.0046749,0.00304,-0.00803082,0.00532345,0.00304,-0.00724396,0.00412278,0.00304,-0.00839767,0.00472359,0.00304,-0.00754328,0.00354558,0.00304,-0.0087198,0.00409858,0.00304,0.00754328,0.00354558,0.00304,0.0087198,0.00409858,0.00304,0.00724396,0.00412278,0.00304,0.00839767,0.00472359,0.00304,0.00690055,0.0046749,0.00304,0.00803082,0.00532345,0.00304,0.00651515,0.00519857,0.00304,0.0076212,0.00589496,0.00304,0.0060901,0.0056906,0.00304,0.00717099,0.00643507,0.00304,0.00562799,0.006148,0.00304,0.00668259,0.00694091,0.00304,0.00513164,0.00656799,0.00304,0.0061586,0.00740978,0.00304,0.00460405,0.00694801,0.00304,0.00560181,0.0078392,0.00304,0.00501518,0.00822686,0.00304,0.00404845,0.00728576,0.00304,0.00440185,0.0085707,0.00304,0.00346822,0.00757916,0.00304,0.00376507,0.0088689,0.00304,0.00286688,0.00782644,0.00304,0.00310824,0.00911987,0.00304,0.00224809,0.0080261,0.00304,0.00243486,0.00932227,0.00304,0.00161562,0.00817692,0.00304,0.0017485,0.00947502,0.00304,0.000973322,0.00827797,0.00304,0.00105284,0.0095773,0.00304,0.0003251,0.00832866,0.00304,0.000351571,0.00962858,0.00304,-0.0003251,0.00832866,0.00304,-0.000351571,0.00962858,0.00304,-0.000973322,0.00827797,0.00304,-0.00105284,0.0095773,0.00304,-0.00161562,0.00817692,0.00304,-0.0017485,0.00947502,0.00304,-0.00224809,0.0080261,0.00304,-0.00243486,0.00932227,0.00304,-0.00286688,0.00782644,0.00304,-0.00310824,0.00911987,0.00304,-0.00346822,0.00757916,0.00304,-0.0061586,0.00740978,-0.00304,-0.00560181,0.0078392,-0.00304,-0.00460405,0.00694801,-0.00304,-0.00501518,0.00822686,-0.00304,-0.00404845,0.00728576,-0.00304,-0.00440185,0.0085707,-0.00304,-0.00346822,0.00757916,-0.00304,-0.00376507,0.0088689,-0.00304,-0.00286688,0.00782644,-0.00304,-0.00310824,0.00911987,-0.00304,-0.00224809,0.0080261,-0.00304,-0.00243486,0.00932227,-0.00304,-0.00161562,0.00817692,-0.00304,-0.0017485,0.00947502,-0.00304,-0.000973322,0.00827797,-0.00304,-0.00105284,0.0095773,-0.00304,-0.0003251,0.00832866,-0.00304,-0.000351571,0.00962858,-0.00304,0.0003251,0.00832866,-0.00304,0.000351571,0.00962858,-0.00304,0.000973322,0.00827797,-0.00304,0.00105284,0.0095773,-0.00304,0.00161562,0.00817692,-0.00304,0.0017485,0.00947502,-0.00304,0.00224809,0.0080261,-0.00304,0.00243486,0.00932227,-0.00304,0.00286688,0.00782644,-0.00304,0.00310824,0.00911987,-0.00304,0.00346822,0.00757916,-0.00304,0.00376507,0.0088689,-0.00304,0.00404845,0.00728576,-0.00304,0.00440185,0.0085707,-0.00304,0.00501518,0.00822686,-0.00304,0.00460405,0.00694801,-0.00304,0.00560181,0.0078392,-0.00304,0.00513164,0.00656799,-0.00304,0.0061586,0.00740978,-0.00304,0.00562799,0.006148,-0.00304,0.00668259,0.00694091,-0.00304,0.0060901,0.0056906,-0.00304,0.00717099,0.00643507,-0.00304,0.00651515,0.00519857,-0.00304,0.0076212,0.00589496,-0.00304,0.00690055,0.0046749,-0.00304,0.00803082,0.00532345,-0.00304,0.00724396,0.00412278,-0.00304,0.00839767,0.00472359,-0.00304,0.00754328,0.00354558,-0.00304,0.0087198,0.00409858,-0.00304,-0.00754328,0.00354558,-0.00304,-0.0087198,0.00409858,-0.00304,-0.00724396,0.00412278,-0.00304,-0.00839767,0.00472359,-0.00304,-0.00690055,0.0046749,-0.00304,-0.00803082,0.00532345,-0.00304,-0.00651515,0.00519857,-0.00304,-0.0076212,0.00589496,-0.00304,-0.0060901,0.0056906,-0.00304,-0.00717099,0.00643507,-0.00304,-0.00562799,0.006148,-0.00304,-0.00668259,0.00694091,-0.00304,-0.00513164,0.00656799,-0.00304],

	"morphTargets" : [],

	"normals" : [-0.279427,0.658254,0.698965,-0.326701,0.636128,0.698965,0.339061,-0.610218,0.715964,-0.372234,0.610614,0.698965,0.385601,-0.581927,0.715964,-0.415754,0.581835,0.698965,0.429792,-0.550096,0.715964,-0.457106,0.549974,0.698965,0.471358,-0.514908,0.715964,-0.495987,0.515152,0.698965,0.510056,-0.476608,0.715964,-0.532243,0.477615,0.698965,0.545671,-0.435408,0.715964,-0.565661,0.437513,0.698965,0.57796,-0.391522,0.715964,-0.596057,0.395093,0.698965,0.606708,-0.345286,0.715964,-0.62328,0.350597,0.698965,0.261391,-0.771935,0.579424,-0.774285,-0.263253,0.575427,-0.261391,-0.771935,0.579424,0.774285,-0.263253,0.575427,-0.606708,-0.345286,0.715964,0.62328,0.350597,0.698965,-0.57796,-0.391522,0.715964,0.596057,0.395093,0.698965,-0.545671,-0.435408,0.715964,0.565661,0.437513,0.698965,-0.510056,-0.476608,0.715964,0.532243,0.477615,0.698965,-0.471358,-0.514908,0.715964,0.495987,0.515152,0.698965,-0.429792,-0.550096,0.715964,0.457106,0.549974,0.698965,-0.385601,-0.581927,0.715964,0.415754,0.581835,0.698965,0.372234,0.610614,0.698965,-0.339061,-0.610218,0.715964,0.326701,0.636128,0.698965,-0.290475,-0.634785,0.715964,0.279427,0.658254,0.698965,-0.240089,-0.655507,0.715964,0.230689,0.676901,0.698965,-0.188269,-0.672231,0.715964,0.1807,0.691916,0.698965,-0.135289,-0.684866,0.715964,0.129765,0.703238,0.698965,-0.081515,-0.693319,0.715964,0.078127,0.710837,0.698965,-0.027223,-0.697562,0.715964,0.026093,0.714652,0.698965,0.027223,-0.697562,0.715964,-0.026093,0.714652,0.698965,0.081515,-0.693319,0.715964,-0.078127,0.710837,0.698965,0.135289,-0.684866,0.715964,-0.129765,0.703238,0.698965,0.188269,-0.672231,0.715964,-0.1807,0.691916,0.698965,0.240089,-0.655507,0.715964,-0.230689,0.676901,0.698965,0.290475,-0.634785,0.715964,-0.457106,0.549974,-0.698965,-0.415754,0.581835,-0.698965,0.385601,-0.581927,-0.715964,-0.372234,0.610614,-0.698965,0.339061,-0.610218,-0.715964,-0.326701,0.636128,-0.698965,0.290475,-0.634785,-0.715964,-0.279427,0.658254,-0.698965,0.240089,-0.655507,-0.715964,-0.230689,0.676901,-0.698965,0.188269,-0.672231,-0.715964,-0.1807,0.691916,-0.698965,0.135289,-0.684866,-0.715964,-0.129765,0.703238,-0.698965,0.081515,-0.693319,-0.715964,-0.078127,0.710837,-0.698965,0.027223,-0.697562,-0.715964,-0.026093,0.714652,-0.698965,-0.027223,-0.697562,-0.715964,0.026093,0.714652,-0.698965,-0.081515,-0.693319,-0.715964,0.078127,0.710837,-0.698965,-0.135289,-0.684866,-0.715964,0.129765,0.703238,-0.698965,-0.188269,-0.672231,-0.715964,0.1807,0.691916,-0.698965,-0.240089,-0.655507,-0.715964,0.230689,0.676901,-0.698965,-0.290475,-0.634785,-0.715964,0.279427,0.658254,-0.698965,-0.339061,-0.610218,-0.715964,0.326701,0.636128,-0.698965,0.372234,0.610614,-0.698965,-0.385601,-0.581927,-0.715964,0.415754,0.581835,-0.698965,-0.429792,-0.550096,-0.715964,0.457106,0.549974,-0.698965,-0.471358,-0.514908,-0.715964,0.495987,0.515152,-0.698965,-0.510056,-0.476608,-0.715964,0.532243,0.477615,-0.698965,-0.545671,-0.435408,-0.715964,0.565661,0.437513,-0.698965,-0.57796,-0.391522,-0.715964,0.596057,0.395093,-0.698965,-0.606708,-0.345286,-0.715964,0.62328,0.350597,-0.698965,-0.261391,-0.771935,-0.579424,0.774285,-0.263253,-0.575427,0.261391,-0.771935,-0.579424,-0.774285,-0.263253,-0.575427,0.606708,-0.345286,-0.715964,-0.62328,0.350597,-0.698965,0.57796,-0.391522,-0.715964,-0.596057,0.395093,-0.698965,0.545671,-0.435408,-0.715964,-0.565661,0.437513,-0.698965,0.510056,-0.476608,-0.715964,-0.532243,0.477615,-0.698965,0.471358,-0.514908,-0.715964,-0.495987,0.515152,-0.698965,0.429792,-0.550096,-0.715964],

	"colors" : [],

	"uvs" : [],